ID,Business_Sourced
FIN1009528,0
FIN1009529,0
FIN1009535,0
FIN1009536,1
FIN1009541,1
FIN1009544,1
FIN1009546,0
FIN1009547,0
FIN1009548,1
FIN1009549,0
FIN1009550,1
FIN1009551,1
FIN1009553,1
FIN1009554,1
FIN1009556,1
FIN1009562,1
FIN1009563,1
FIN1009564,1
FIN1009567,1
FIN1009569,0
FIN1009581,0
FIN1009588,0
FIN1009591,0
FIN1009592,1
FIN1009593,1
FIN1009594,0
FIN1009595,1
FIN1009596,0
FIN1009600,0
FIN1009604,1
FIN1009605,1
FIN1009607,1
FIN1009609,1
FIN1009611,1
FIN1009612,0
FIN1009613,1
FIN1009614,0
FIN1009615,1
FIN1009616,0
FIN1009617,1
FIN1009618,1
FIN1009619,0
FIN1009620,0
FIN1009621,0
FIN1009623,1
FIN1009624,1
FIN1009625,0
FIN1009626,1
FIN1009627,0
FIN1009628,0
FIN1009629,0
FIN1009630,1
FIN1009631,0
FIN1009632,1
FIN1009635,0
FIN1009637,0
FIN1009638,0
FIN1009639,0
FIN1009640,1
FIN1009641,0
FIN1009642,0
FIN1009643,1
FIN1009644,1
FIN1009645,1
FIN1009646,0
FIN1009647,1
FIN1009648,1
FIN1009649,1
FIN1009650,1
FIN1009652,0
FIN1009653,0
FIN1009654,0
FIN1009655,0
FIN1009656,1
FIN1009659,0
FIN1009671,0
FIN1009672,0
FIN1009673,0
FIN1009677,1
FIN1009684,0
FIN1009685,0
FIN1009688,0
FIN1009690,0
FIN1009691,0
FIN1009692,1
FIN1009693,0
FIN1009694,0
FIN1009695,1
FIN1009697,0
FIN1009698,0
FIN1009699,0
FIN1009700,0
FIN1009701,0
FIN1009702,0
FIN1009703,1
FIN1009705,0
FIN1009706,0
FIN1009707,0
FIN1009708,0
FIN1009709,0
FIN1009710,0
FIN1009712,0
FIN1009713,0
FIN1009714,0
FIN1009715,0
FIN1009717,0
FIN1009719,0
FIN1009722,1
FIN1009723,0
FIN1009724,0
FIN1009725,1
FIN1009726,1
FIN1009727,0
FIN1009728,0
FIN1009729,1
FIN1009730,0
FIN1009731,0
FIN1009732,1
FIN1009737,0
FIN1009738,1
FIN1009741,1
FIN1009742,1
FIN1009743,0
FIN1009744,0
FIN1009745,1
FIN1009746,0
FIN1009748,0
FIN1009749,0
FIN1009750,0
FIN1009751,0
FIN1009752,0
FIN1009754,0
FIN1009756,0
FIN1009757,0
FIN1009760,0
FIN1009761,0
FIN1009767,0
FIN1009768,0
FIN1009769,1
FIN1009770,1
FIN1009772,1
FIN1009791,0
FIN1009792,0
FIN1009793,0
FIN1009794,0
FIN1009795,0
FIN1009796,1
FIN1009797,0
FIN1009801,0
FIN1009804,0
FIN1009812,0
FIN1009813,1
FIN1009815,0
FIN1009816,0
FIN1009817,0
FIN1009819,0
FIN1009820,0
FIN1009822,0
FIN1009823,0
FIN1009824,0
FIN1009825,0
FIN1009826,1
FIN1009827,0
FIN1009828,0
FIN1009830,1
FIN1009831,0
FIN1009832,1
FIN1009833,0
FIN1009835,0
FIN1009836,0
FIN1009837,0
FIN1009838,0
FIN1009839,1
FIN1009840,1
FIN1009842,0
FIN1009843,0
FIN1009844,1
FIN1009845,1
FIN1009846,1
FIN1009847,1
FIN1009848,0
FIN1009849,0
FIN1009850,1
FIN1009851,0
FIN1009852,1
FIN1009853,0
FIN1009854,0
FIN1009856,1
FIN1009857,0
FIN1009858,1
FIN1009859,0
FIN1009860,0
FIN1009861,0
FIN1009864,1
FIN1009865,1
FIN1009866,0
FIN1009867,0
FIN1009869,0
FIN1009876,0
FIN1009878,0
FIN1009879,1
FIN1009881,0
FIN1009885,0
FIN1009886,0
FIN1009887,1
FIN1009888,0
FIN1009889,0
FIN1009890,0
FIN1009891,0
FIN1009893,0
FIN1009896,0
FIN1009897,0
FIN1009898,0
FIN1009899,0
FIN1009900,0
FIN1009901,0
FIN1009902,0
FIN1009903,0
FIN1009904,1
FIN1009905,1
FIN1009907,1
FIN1009908,0
FIN1009909,0
FIN1009910,0
FIN1009911,1
FIN1009912,0
FIN1009913,0
FIN1009915,1
FIN1009916,0
FIN1009917,0
FIN1009918,0
FIN1009919,0
FIN1009920,0
FIN1009921,0
FIN1009922,1
FIN1009923,0
FIN1009924,0
FIN1009925,0
FIN1009926,1
FIN1009927,0
FIN1009929,0
FIN1009930,0
FIN1009931,0
FIN1009932,0
FIN1009933,0
FIN1009934,0
FIN1009935,0
FIN1009936,1
FIN1009937,0
FIN1009942,1
FIN1009943,0
FIN1009944,0
FIN1009946,0
FIN1009957,0
FIN1009967,0
FIN1009968,0
FIN1009969,0
FIN1009971,0
FIN1009972,0
FIN1009974,0
FIN1009975,0
FIN1009976,0
FIN1009978,0
FIN1009979,1
FIN1009980,1
FIN1009981,0
FIN1009983,0
FIN1009984,1
FIN1009985,1
FIN1009986,1
FIN1009989,1
FIN1009990,0
FIN1009992,0
FIN1009993,0
FIN1009994,0
FIN1009995,1
FIN1009996,1
FIN1009998,0
FIN1009999,0
FIN1010000,0
FIN1010001,0
FIN1010002,1
FIN1010003,1
FIN1010004,0
FIN1010007,0
FIN1010008,0
FIN1010024,0
FIN1010027,0
FIN1010034,0
FIN1010035,0
FIN1010039,1
FIN1010040,0
FIN1010042,0
FIN1010043,0
FIN1010053,0
FIN1010054,0
FIN1010055,1
FIN1010056,0
FIN1010057,1
FIN1010059,1
FIN1010060,0
FIN1010061,0
FIN1010062,1
FIN1010064,0
FIN1010065,0
FIN1010066,0
FIN1010067,0
FIN1010068,0
FIN1010069,0
FIN1010070,0
FIN1010071,1
FIN1010072,1
FIN1010074,0
FIN1010076,0
FIN1010077,1
FIN1010078,0
FIN1010079,1
FIN1010080,1
FIN1010081,0
FIN1010082,0
FIN1010083,1
FIN1010084,1
FIN1010086,0
FIN1010088,0
FIN1010091,0
FIN1010092,0
FIN1010100,0
FIN1010101,0
FIN1010103,0
FIN1010104,0
FIN1010105,1
FIN1010106,0
FIN1010107,0
FIN1010109,0
FIN1010110,1
FIN1010111,0
FIN1010112,0
FIN1010113,0
FIN1010114,0
FIN1010115,0
FIN1010116,0
FIN1010117,0
FIN1010118,0
FIN1010119,0
FIN1010120,1
FIN1010121,0
FIN1010123,1
FIN1010125,0
FIN1010126,1
FIN1010127,0
FIN1010128,0
FIN1010129,1
FIN1010130,0
FIN1010131,0
FIN1010132,1
FIN1010133,0
FIN1010136,0
FIN1010137,1
FIN1010138,0
FIN1010139,1
FIN1010140,1
FIN1010141,1
FIN1010142,1
FIN1010144,1
FIN1010145,1
FIN1010146,0
FIN1010148,0
FIN1010149,0
FIN1010152,0
FIN1010153,0
FIN1010159,0
FIN1010160,0
FIN1010161,0
FIN1010162,0
FIN1010163,0
FIN1010170,0
FIN1010171,1
FIN1010172,1
FIN1010173,0
FIN1010176,0
FIN1010177,0
FIN1010178,0
FIN1010179,1
FIN1010180,0
FIN1010184,0
FIN1010185,1
FIN1010186,1
FIN1010187,1
FIN1010188,1
FIN1010189,1
FIN1010190,0
FIN1010191,0
FIN1010193,1
FIN1010194,0
FIN1010195,0
FIN1010196,0
FIN1010197,1
FIN1010198,0
FIN1010200,1
FIN1010201,0
FIN1010202,1
FIN1010203,1
FIN1010204,1
FIN1010205,1
FIN1010208,1
FIN1010209,0
FIN1010210,0
FIN1010211,0
FIN1010212,0
FIN1010213,1
FIN1010214,0
FIN1010215,0
FIN1010216,0
FIN1010217,1
FIN1010218,0
FIN1010219,0
FIN1010220,0
FIN1010221,1
FIN1010226,0
FIN1010227,0
FIN1010228,0
FIN1010230,0
FIN1010231,0
FIN1010232,0
FIN1010235,1
FIN1010236,0
FIN1010240,1
FIN1010244,1
FIN1010245,1
FIN1010246,0
FIN1010253,0
FIN1010254,1
FIN1010258,1
FIN1010260,0
FIN1010265,0
FIN1010266,0
FIN1010267,0
FIN1010268,0
FIN1010269,0
FIN1010270,0
FIN1010271,0
FIN1010274,0
FIN1010275,1
FIN1010276,0
FIN1010277,0
FIN1010281,1
FIN1010283,1
FIN1010285,1
FIN1010286,0
FIN1010288,1
FIN1010290,1
FIN1010291,0
FIN1010292,0
FIN1010293,1
FIN1010295,0
FIN1010296,0
FIN1010298,0
FIN1010299,1
FIN1010300,0
FIN1010301,1
FIN1010302,0
FIN1010304,1
FIN1010306,0
FIN1010307,1
FIN1010308,1
FIN1010320,0
FIN1010321,0
FIN1010324,0
FIN1010325,0
FIN1010327,1
FIN1010329,0
FIN1010330,0
FIN1010331,1
FIN1010333,1
FIN1010334,0
FIN1010335,0
FIN1010337,0
FIN1010338,0
FIN1010339,1
FIN1010340,0
FIN1010343,0
FIN1010345,1
FIN1010346,1
FIN1010347,1
FIN1010349,0
FIN1010350,0
FIN1010351,0
FIN1010353,1
FIN1010354,1
FIN1010356,0
FIN1010357,0
FIN1010358,0
FIN1010359,0
FIN1010368,0
FIN1010370,0
FIN1010373,1
FIN1010374,1
FIN1010375,0
FIN1010376,1
FIN1010377,0
FIN1010378,0
FIN1010380,1
FIN1010381,0
FIN1010382,0
FIN1010384,0
FIN1010385,0
FIN1010386,0
FIN1010388,0
FIN1010390,0
FIN1010391,0
FIN1010392,0
FIN1010393,0
FIN1010394,1
FIN1010396,0
FIN1010397,0
FIN1010398,0
FIN1010399,0
FIN1010400,1
FIN1010401,0
FIN1010402,0
FIN1010406,1
FIN1010407,1
FIN1010408,0
FIN1010409,1
FIN1010411,1
FIN1010412,0
FIN1010413,0
FIN1010414,0
FIN1010421,0
FIN1010422,0
FIN1010424,1
FIN1010425,0
FIN1010426,1
FIN1010427,0
FIN1010431,1
FIN1010432,0
FIN1010435,1
FIN1010437,1
FIN1010438,1
FIN1010439,1
FIN1010440,0
FIN1010441,0
FIN1010442,0
FIN1010444,1
FIN1010446,1
FIN1010447,0
FIN1010448,1
FIN1010449,0
FIN1010450,1
FIN1010451,1
FIN1010452,0
FIN1010457,0
FIN1010458,0
FIN1010459,1
FIN1010460,0
FIN1010461,1
FIN1010462,0
FIN1010464,1
FIN1010467,0
FIN1010468,1
FIN1010469,0
FIN1010470,1
FIN1010471,0
FIN1010474,0
FIN1010476,1
FIN1010477,0
FIN1010483,0
FIN1010484,0
FIN1010485,0
FIN1010491,1
FIN1010492,0
FIN1010495,0
FIN1010497,1
FIN1010498,0
FIN1010499,0
FIN1010500,0
FIN1010501,0
FIN1010502,0
FIN1010503,0
FIN1010504,0
FIN1010505,0
FIN1010506,0
FIN1010507,0
FIN1010508,0
FIN1010509,0
FIN1010511,0
FIN1010512,0
FIN1010513,1
FIN1010514,1
FIN1010516,1
FIN1010520,0
FIN1010523,0
FIN1010529,0
FIN1010530,0
FIN1010531,1
FIN1010532,0
FIN1010534,0
FIN1010537,0
FIN1010539,1
FIN1010540,0
FIN1010541,0
FIN1010542,1
FIN1010544,0
FIN1010547,1
FIN1010548,1
FIN1010549,1
FIN1010550,0
FIN1010551,0
FIN1010552,1
FIN1010553,1
FIN1010558,1
FIN1010561,1
FIN1010563,0
FIN1010571,1
FIN1010584,0
FIN1010585,0
FIN1010586,1
FIN1010588,1
FIN1010589,0
FIN1010590,0
FIN1010591,0
FIN1010592,0
FIN1010593,0
FIN1010595,0
FIN1010596,0
FIN1010598,0
FIN1010599,1
FIN1010600,1
FIN1010601,0
FIN1010602,0
FIN1010603,1
FIN1010604,1
FIN1010605,0
FIN1010606,1
FIN1010607,0
FIN1010611,0
FIN1010613,0
FIN1010614,1
FIN1010616,1
FIN1010617,0
FIN1010618,0
FIN1010620,1
FIN1010623,0
FIN1010624,0
FIN1010631,0
FIN1010632,1
FIN1010633,1
FIN1010635,1
FIN1010636,0
FIN1010639,0
FIN1010642,0
FIN1010646,1
FIN1010647,1
FIN1010648,0
FIN1010653,0
FIN1010654,0
FIN1010655,0
FIN1010659,0
FIN1010669,0
FIN1010670,0
FIN1010671,1
FIN1010677,0
FIN1010678,0
FIN1010681,1
FIN1010682,0
FIN1010683,0
FIN1010687,0
FIN1010688,0
FIN1010689,0
FIN1010691,0
FIN1010692,0
FIN1010693,0
FIN1010694,0
FIN1010696,1
FIN1010697,0
FIN1010700,0
FIN1010701,0
FIN1010702,1
FIN1010704,0
FIN1010705,1
FIN1010706,0
FIN1010707,1
FIN1010709,0
FIN1010711,0
FIN1010712,0
FIN1010713,0
FIN1010714,0
FIN1010715,1
FIN1010719,1
FIN1010726,0
FIN1010727,0
FIN1010728,1
FIN1010729,0
FIN1010730,0
FIN1010731,1
FIN1010734,1
FIN1010738,0
FIN1010741,1
FIN1010742,0
FIN1010743,1
FIN1010744,0
FIN1010745,0
FIN1010746,0
FIN1010748,1
FIN1010749,1
FIN1010750,0
FIN1010751,0
FIN1010760,0
FIN1010761,1
FIN1010763,0
FIN1010765,0
FIN1010770,0
FIN1010771,0
FIN1010772,0
FIN1010773,1
FIN1010776,0
FIN1010777,0
FIN1010779,1
FIN1010780,0
FIN1010781,1
FIN1010783,1
FIN1010784,0
FIN1010785,1
FIN1010787,0
FIN1010788,0
FIN1010789,0
FIN1010793,1
FIN1010795,0
FIN1010800,1
FIN1010803,0
FIN1010805,1
FIN1010806,1
FIN1010807,0
FIN1010808,0
FIN1010809,0
FIN1010810,1
FIN1010811,0
FIN1010812,0
FIN1010814,1
FIN1010815,1
FIN1010816,1
FIN1010820,0
FIN1010827,0
FIN1010828,0
FIN1010830,1
FIN1010831,1
FIN1010832,0
FIN1010833,0
FIN1010834,0
FIN1010845,0
FIN1010846,0
FIN1010847,0
FIN1010848,1
FIN1010850,0
FIN1010851,1
FIN1010852,1
FIN1010853,0
FIN1010854,1
FIN1010855,1
FIN1010856,0
FIN1010858,1
FIN1010859,0
FIN1010860,1
FIN1010861,1
FIN1010862,1
FIN1010863,0
FIN1010865,0
FIN1010866,1
FIN1010867,1
FIN1010868,1
FIN1010869,0
FIN1010870,1
FIN1010871,0
FIN1010872,0
FIN1010880,1
FIN1010881,1
FIN1010882,0
FIN1010886,0
FIN1010889,0
FIN1010890,0
FIN1010891,0
FIN1010892,0
FIN1010893,0
FIN1010895,0
FIN1010896,0
FIN1010897,0
FIN1010898,0
FIN1010901,1
FIN1010902,0
FIN1010903,0
FIN1010904,1
FIN1010906,0
FIN1010907,0
FIN1010908,0
FIN1010910,1
FIN1010911,0
FIN1010913,0
FIN1010918,1
FIN1010919,0
FIN1010920,1
FIN1010922,0
FIN1010923,0
FIN1010924,0
FIN1010925,1
FIN1010928,1
FIN1010929,0
FIN1010930,0
FIN1010931,0
FIN1010932,0
FIN1010933,1
FIN1010934,1
FIN1010939,0
FIN1010940,1
FIN1010942,0
FIN1010944,1
FIN1010946,1
FIN1010947,1
FIN1010948,1
FIN1010949,1
FIN1010952,0
FIN1010953,0
FIN1010954,1
FIN1010955,1
FIN1010959,0
FIN1010961,0
FIN1010962,1
FIN1010964,0
FIN1010965,1
FIN1010966,1
FIN1010967,1
FIN1010968,0
FIN1010969,1
FIN1010970,0
FIN1010971,0
FIN1010973,1
FIN1010974,0
FIN1010975,1
FIN1010976,1
FIN1010979,0
FIN1010982,0
FIN1010984,1
FIN1010985,0
FIN1010994,1
FIN1010995,1
FIN1010996,1
FIN1010997,0
FIN1010998,1
FIN1010999,0
FIN1011000,1
FIN1011001,1
FIN1011005,0
FIN1011007,0
FIN1011008,0
FIN1011009,1
FIN1011013,1
FIN1011014,0
FIN1011022,0
FIN1011030,0
FIN1011031,1
FIN1011034,1
FIN1011035,0
FIN1011036,1
FIN1011037,0
FIN1011039,0
FIN1011040,1
FIN1011042,0
FIN1011045,0
FIN1011046,1
FIN1011047,1
FIN1011049,1
FIN1011055,1
FIN1011057,0
FIN1011058,1
FIN1011059,0
FIN1011060,0
FIN1011061,0
FIN1011063,0
FIN1011064,1
FIN1011065,0
FIN1011066,1
FIN1011067,1
FIN1011068,0
FIN1011069,0
FIN1011070,0
FIN1011075,0
FIN1011076,1
FIN1011078,0
FIN1011079,0
FIN1011081,0
FIN1011083,1
FIN1011084,1
FIN1011085,0
FIN1011086,0
FIN1011087,0
FIN1011088,1
FIN1011090,0
FIN1011091,0
FIN1011092,0
FIN1011093,0
FIN1011095,0
FIN1011096,0
FIN1011097,0
FIN1011098,1
FIN1011099,1
FIN1011100,0
FIN1011101,0
FIN1011102,0
FIN1011103,0
FIN1011104,0
FIN1011105,1
FIN1011106,1
FIN1011107,0
FIN1011108,1
FIN1011109,0
FIN1011111,1
FIN1011113,0
FIN1011114,1
FIN1011115,0
FIN1011116,0
FIN1011117,1
FIN1011118,0
FIN1011123,0
FIN1011124,0
FIN1011125,0
FIN1011126,0
FIN1011129,0
FIN1011131,0
FIN1011133,0
FIN1011134,0
FIN1011135,1
FIN1011136,1
FIN1011137,0
FIN1011138,1
FIN1011139,0
FIN1011140,0
FIN1011141,0
FIN1011142,1
FIN1011148,0
FIN1011149,1
FIN1011152,1
FIN1011154,1
FIN1011155,1
FIN1011156,0
FIN1011157,1
FIN1011158,0
FIN1011159,0
FIN1011161,0
FIN1011165,0
FIN1011166,1
FIN1011171,0
FIN1011172,0
FIN1011173,0
FIN1011174,0
FIN1011178,1
FIN1011180,1
FIN1011183,0
FIN1011184,1
FIN1011186,0
FIN1011188,0
FIN1011189,1
FIN1011194,0
FIN1011195,0
FIN1011199,0
FIN1011200,0
FIN1011201,0
FIN1011202,1
FIN1011203,0
FIN1011204,0
FIN1011206,0
FIN1011207,0
FIN1011208,0
FIN1011210,0
FIN1011216,0
FIN1011218,0
FIN1011219,0
FIN1011221,1
FIN1011222,1
FIN1011224,1
FIN1011226,0
FIN1011227,0
FIN1011228,0
FIN1011230,0
FIN1011231,0
FIN1011236,0
FIN1011238,0
FIN1011239,0
FIN1011240,0
FIN1011241,0
FIN1011243,0
FIN1011245,0
FIN1011249,0
FIN1011251,0
FIN1011255,0
FIN1011256,0
FIN1011259,0
FIN1011260,0
FIN1011261,0
FIN1011262,0
FIN1011264,0
FIN1011265,0
FIN1011266,1
FIN1011267,1
FIN1011269,0
FIN1011270,0
FIN1011271,0
FIN1011272,0
FIN1011273,0
FIN1011274,1
FIN1011275,0
FIN1011277,0
FIN1011279,1
FIN1011280,1
FIN1011281,1
FIN1011283,1
FIN1011284,1
FIN1011285,0
FIN1011286,1
FIN1011291,1
FIN1011292,1
FIN1011294,1
FIN1011296,0
FIN1011297,1
FIN1011298,1
FIN1011299,1
FIN1011300,1
FIN1011301,0
FIN1011302,0
FIN1011303,1
FIN1011308,0
FIN1011312,0
FIN1011314,0
FIN1011318,1
FIN1011319,1
FIN1011320,1
FIN1011321,0
FIN1011322,0
FIN1011324,0
FIN1011326,0
FIN1011327,1
FIN1011328,1
FIN1011329,0
FIN1011330,1
FIN1011331,0
FIN1011332,0
FIN1011333,0
FIN1011335,0
FIN1011337,1
FIN1011338,1
FIN1011339,1
FIN1011340,0
FIN1011341,1
FIN1011342,1
FIN1011343,0
FIN1011345,0
FIN1011346,0
FIN1011347,0
FIN1011348,0
FIN1011350,0
FIN1011351,1
FIN1011352,0
FIN1011353,1
FIN1011354,0
FIN1011355,1
FIN1011356,1
FIN1011357,0
FIN1011358,0
FIN1011359,0
FIN1011362,0
FIN1011363,0
FIN1011364,0
FIN1011365,1
FIN1011366,0
FIN1011370,0
FIN1011375,0
FIN1011377,0
FIN1011379,1
FIN1011380,1
FIN1011381,1
FIN1011382,1
FIN1011383,1
FIN1011384,0
FIN1011386,1
FIN1011388,1
FIN1011389,0
FIN1011393,1
FIN1011397,1
FIN1011399,1
FIN1011400,1
FIN1011401,1
FIN1011402,1
FIN1011403,1
FIN1011404,1
FIN1011405,0
FIN1011406,0
FIN1011407,0
FIN1011408,0
FIN1011414,0
FIN1011415,1
FIN1011417,0
FIN1011424,1
FIN1011428,1
FIN1011429,1
FIN1011430,1
FIN1011431,1
FIN1011432,0
FIN1011434,0
FIN1011435,1
FIN1011436,1
FIN1011437,1
FIN1011439,1
FIN1011440,0
FIN1011441,1
FIN1011442,0
FIN1011443,0
FIN1011444,0
FIN1011445,0
FIN1011446,1
FIN1011447,0
FIN1011448,0
FIN1011449,1
FIN1011450,0
FIN1011452,0
FIN1011453,1
FIN1011454,1
FIN1011456,1
FIN1011457,1
FIN1011458,1
FIN1011459,0
FIN1011460,0
FIN1011461,1
FIN1011462,1
FIN1011463,1
FIN1011466,0
FIN1011476,0
FIN1011477,0
FIN1011478,0
FIN1011479,0
FIN1011481,0
FIN1011482,1
FIN1011483,0
FIN1011484,1
FIN1011486,1
FIN1011487,1
FIN1011488,1
FIN1011489,1
FIN1011490,0
FIN1011491,1
FIN1011492,0
FIN1011493,1
FIN1011494,0
FIN1011496,0
FIN1011500,0
FIN1011501,0
FIN1011502,0
FIN1011503,0
FIN1011504,0
FIN1011505,0
FIN1011509,1
FIN1011510,0
FIN1011511,1
FIN1011512,1
FIN1011513,1
FIN1011514,1
FIN1011515,1
FIN1011516,0
FIN1011517,0
FIN1011518,1
FIN1011519,0
FIN1011523,0
FIN1011524,0
FIN1011525,0
FIN1011526,1
FIN1011527,1
FIN1011528,1
FIN1011529,0
FIN1011530,0
FIN1011531,1
FIN1011532,1
FIN1011533,0
FIN1011534,0
FIN1011535,1
FIN1011536,1
FIN1011537,0
FIN1011539,1
FIN1011540,0
FIN1011541,0
FIN1011542,1
FIN1011544,0
FIN1011545,0
FIN1011547,0
FIN1011549,1
FIN1011550,0
FIN1011552,1
FIN1011556,0
FIN1011557,1
FIN1011558,1
FIN1011563,0
FIN1011569,1
FIN1011572,0
FIN1011573,1
FIN1011578,0
FIN1011579,0
FIN1011580,0
FIN1011581,1
FIN1011586,1
FIN1011592,0
FIN1011595,0
FIN1011596,1
FIN1011600,0
FIN1011605,1
FIN1011609,1
FIN1011613,0
FIN1011614,1
FIN1011615,1
FIN1011616,0
FIN1011617,1
FIN1011618,0
FIN1011619,0
FIN1011620,1
FIN1011621,0
FIN1011622,0
FIN1011623,1
FIN1011625,1
FIN1011627,0
FIN1011628,0
FIN1011630,1
FIN1011631,1
FIN1011632,0
FIN1011633,1
FIN1011634,0
FIN1011642,1
FIN1011643,1
FIN1011645,1
FIN1011647,1
FIN1011648,0
FIN1011650,0
FIN1011651,0
FIN1011652,1
FIN1011654,0
FIN1011655,1
FIN1011656,0
FIN1011657,1
FIN1011658,1
FIN1011660,1
FIN1011661,1
FIN1011662,1
FIN1011665,0
FIN1011669,1
FIN1011670,0
FIN1011671,1
FIN1011672,1
FIN1011673,0
FIN1011676,1
FIN1011677,0
FIN1011679,0
FIN1011683,0
FIN1011684,1
FIN1011685,0
FIN1011687,1
FIN1011688,0
FIN1011689,1
FIN1011690,1
FIN1011691,0
FIN1011693,0
FIN1011697,1
FIN1011699,1
FIN1011700,1
FIN1011702,1
FIN1011704,0
FIN1011706,0
FIN1011707,0
FIN1011710,0
FIN1011711,1
FIN1011712,0
FIN1011715,1
FIN1011716,0
FIN1011724,0
FIN1011725,1
FIN1011726,0
FIN1011727,1
FIN1011728,1
FIN1011729,0
FIN1011730,0
FIN1011732,1
FIN1011736,1
FIN1011737,0
FIN1011739,1
FIN1011740,1
FIN1011741,1
FIN1011742,1
FIN1011743,0
FIN1011744,0
FIN1011746,0
FIN1011747,1
FIN1011748,1
FIN1011749,0
FIN1011751,1
FIN1011752,1
FIN1011753,1
FIN1011754,0
FIN1011755,0
FIN1011756,1
FIN1011757,0
FIN1011758,1
FIN1011760,1
FIN1011761,1
FIN1011762,1
FIN1011763,1
FIN1011764,1
FIN1011767,1
FIN1011768,1
FIN1011770,1
FIN1011771,0
FIN1011772,1
FIN1011774,1
FIN1011777,1
FIN1011778,0
FIN1011783,1
FIN1011785,1
FIN1011786,1
FIN1011787,1
FIN1011788,0
FIN1011790,0
FIN1011792,1
FIN1011793,1
FIN1011794,1
FIN1011797,0
FIN1011799,1
FIN1011802,1
FIN1011803,1
FIN1011804,1
FIN1011805,1
FIN1011806,0
FIN1011807,0
FIN1011809,1
FIN1011810,1
FIN1011811,1
FIN1011812,0
FIN1011813,0
FIN1011815,0
FIN1011816,0
FIN1011817,1
FIN1011818,0
FIN1011819,1
FIN1011820,0
FIN1011822,0
FIN1011824,0
FIN1011825,0
FIN1011826,0
FIN1011827,1
FIN1011828,1
FIN1011829,1
FIN1011830,0
FIN1011831,0
FIN1011832,0
FIN1011833,1
FIN1011834,1
FIN1011835,0
FIN1011836,0
FIN1011837,0
FIN1011839,1
FIN1011841,0
FIN1011842,1
FIN1011843,1
FIN1011844,1
FIN1011845,0
FIN1011846,0
FIN1011848,0
FIN1011849,1
FIN1011850,0
FIN1011851,1
FIN1011852,0
FIN1011853,0
FIN1011854,0
FIN1011855,0
FIN1011856,0
FIN1011857,0
FIN1011858,0
FIN1011859,0
FIN1011860,0
FIN1011861,0
FIN1011862,1
FIN1011863,1
FIN1011864,1
FIN1011865,0
FIN1011866,0
FIN1011867,0
FIN1011868,1
FIN1011869,0
FIN1011870,0
FIN1011871,0
FIN1011872,0
FIN1011873,1
FIN1011876,0
FIN1011877,0
FIN1011878,0
FIN1011879,0
FIN1011881,1
FIN1011882,0
FIN1011883,0
FIN1011884,0
FIN1011885,0
FIN1011886,1
FIN1011887,0
FIN1011888,0
FIN1011889,1
FIN1011890,0
FIN1011891,0
FIN1011892,1
FIN1011893,1
FIN1011894,1
FIN1011895,1
FIN1011896,1
FIN1011897,0
FIN1011898,0
FIN1011899,1
FIN1011900,1
FIN1011902,0
FIN1011903,1
FIN1011904,1
FIN1011905,1
FIN1011906,1
FIN1011907,1
FIN1011908,1
FIN1011911,1
FIN1011912,1
FIN1011914,0
FIN1011916,1
FIN1011919,0
FIN1011920,0
FIN1011921,1
FIN1011922,1
FIN1011923,0
FIN1011924,0
FIN1011925,0
FIN1011929,0
FIN1011930,0
FIN1011931,0
FIN1011933,0
FIN1011934,1
FIN1011936,0
FIN1011938,1
FIN1011942,1
FIN1011943,0
FIN1011944,1
FIN1011945,0
FIN1011948,0
FIN1011949,1
FIN1011950,1
FIN1011952,0
FIN1011953,0
FIN1011954,0
FIN1011955,0
FIN1011956,0
FIN1011957,0
FIN1011958,1
FIN1011959,0
FIN1011960,1
FIN1011961,1
FIN1011962,1
FIN1011964,1
FIN1011965,1
FIN1011966,1
FIN1011967,0
FIN1011968,1
FIN1011969,1
FIN1011970,0
FIN1011971,0
FIN1011972,1
FIN1011973,1
FIN1011975,0
FIN1011976,0
FIN1011978,1
FIN1011979,0
FIN1011982,1
FIN1011983,0
FIN1011984,1
FIN1011985,1
FIN1011987,0
FIN1011989,0
FIN1011990,0
FIN1011991,0
FIN1011992,1
FIN1011993,0
FIN1011994,0
FIN1011995,0
FIN1011997,1
FIN1011998,0
FIN1012000,0
FIN1012001,0
FIN1012002,0
FIN1012003,0
FIN1012004,1
FIN1012005,0
FIN1012006,1
FIN1012007,0
FIN1012009,0
FIN1012010,0
FIN1012011,0
FIN1012012,0
FIN1012013,1
FIN1012014,1
FIN1012015,1
FIN1012016,1
FIN1012018,1
FIN1012019,1
FIN1012021,1
FIN1012022,1
FIN1012023,1
FIN1012024,0
FIN1012025,1
FIN1012027,0
FIN1012028,0
FIN1012029,1
FIN1012030,1
FIN1012031,1
FIN1012033,0
FIN1012034,1
FIN1012035,1
FIN1012036,0
FIN1012037,1
FIN1012039,1
FIN1012041,1
FIN1012042,0
FIN1012043,1
FIN1012044,0
FIN1012045,1
FIN1012046,0
FIN1012047,1
FIN1012048,0
FIN1012051,0
FIN1012052,0
FIN1012053,0
FIN1012057,1
FIN1012058,0
FIN1012059,0
FIN1012060,0
FIN1012061,1
FIN1012062,0
FIN1012063,1
FIN1012064,1
FIN1012065,1
FIN1012066,1
FIN1012067,0
FIN1012068,0
FIN1012069,0
FIN1012070,1
FIN1012072,1
FIN1012074,0
FIN1012075,1
FIN1012076,0
FIN1012077,1
FIN1012078,1
FIN1012079,1
FIN1012080,0
FIN1012081,0
FIN1012082,1
FIN1012083,1
FIN1012084,0
FIN1012085,0
FIN1012086,0
FIN1012087,0
FIN1012088,0
FIN1012089,1
FIN1012090,0
FIN1012091,1
FIN1012093,1
FIN1012094,1
FIN1012095,0
FIN1012096,1
FIN1012097,0
FIN1012098,1
FIN1012100,0
FIN1012102,1
FIN1012103,1
FIN1012104,0
FIN1012105,0
FIN1012107,1
FIN1012108,0
FIN1012109,0
FIN1012110,1
FIN1012111,0
FIN1012112,1
FIN1012114,0
FIN1012115,0
FIN1012116,0
FIN1012117,0
FIN1012118,0
FIN1012119,0
FIN1012120,1
FIN1012122,0
FIN1012123,0
FIN1012124,0
FIN1012126,0
FIN1012127,0
FIN1012132,0
FIN1012133,1
FIN1012135,0
FIN1012136,0
FIN1012137,1
FIN1012139,1
FIN1012140,0
FIN1012141,1
FIN1012142,0
FIN1012143,1
FIN1012145,1
FIN1012146,1
FIN1012147,0
FIN1012148,1
FIN1012149,1
FIN1012150,0
FIN1012151,1
FIN1012152,1
FIN1012153,1
FIN1012154,0
FIN1012155,1
FIN1012156,1
FIN1012157,1
FIN1012158,1
FIN1012159,0
FIN1012161,0
FIN1012162,1
FIN1012163,1
FIN1012164,1
FIN1012165,1
FIN1012166,0
FIN1012167,0
FIN1012168,0
FIN1012169,1
FIN1012170,1
FIN1012171,0
FIN1012172,1
FIN1012173,1
FIN1012176,1
FIN1012177,0
FIN1012178,1
FIN1012179,1
FIN1012180,1
FIN1012181,1
FIN1012182,0
FIN1012183,1
FIN1012185,1
FIN1012186,0
FIN1012187,0
FIN1012188,1
FIN1012189,0
FIN1012191,0
FIN1012192,1
FIN1012193,1
FIN1012194,0
FIN1012195,1
FIN1012198,0
FIN1012199,1
FIN1012200,0
FIN1012201,1
FIN1012202,1
FIN1012203,1
FIN1012204,1
FIN1012205,1
FIN1012208,1
FIN1012209,0
FIN1012210,0
FIN1012211,1
FIN1012212,1
FIN1012214,0
FIN1012215,0
FIN1012216,1
FIN1012217,1
FIN1012218,0
FIN1012219,1
FIN1012220,0
FIN1012221,0
FIN1012222,0
FIN1012223,1
FIN1012224,0
FIN1012225,0
FIN1012226,0
FIN1012227,0
FIN1012228,1
FIN1012230,0
FIN1012232,0
FIN1012233,0
FIN1012234,1
FIN1012236,1
FIN1012237,1
FIN1012238,1
FIN1012239,1
FIN1012240,1
FIN1012241,0
FIN1012242,1
FIN1012243,1
FIN1012244,1
FIN1012245,0
FIN1012246,1
FIN1012250,0
FIN1012251,1
FIN1012252,1
FIN1012253,1
FIN1012254,0
FIN1012255,1
FIN1012256,1
FIN1012257,1
FIN1012259,1
FIN1012260,1
FIN1012261,0
FIN1012262,1
FIN1012264,0
FIN1012265,0
FIN1012266,1
FIN1012267,1
FIN1012268,1
FIN1012269,1
FIN1012270,0
FIN1012271,1
FIN1012272,0
FIN1012273,0
FIN1012274,1
FIN1012275,0
FIN1012277,0
FIN1012279,0
FIN1012281,1
FIN1012284,0
FIN1012287,1
FIN1012288,1
FIN1012290,1
FIN1012291,1
FIN1012292,1
FIN1012293,1
FIN1012294,1
FIN1012295,0
FIN1012296,0
FIN1012298,0
FIN1012299,1
FIN1012302,1
FIN1012304,0
FIN1012305,0
FIN1012306,0
FIN1012307,0
FIN1012308,1
FIN1012309,0
FIN1012311,0
FIN1012312,1
FIN1012313,1
FIN1012314,1
FIN1012315,1
FIN1012316,1
FIN1012317,0
FIN1012318,1
FIN1012319,1
FIN1012320,1
FIN1012321,1
FIN1012322,1
FIN1012323,1
FIN1012324,0
FIN1012325,0
FIN1012326,0
FIN1012327,0
FIN1012328,0
FIN1012330,0
FIN1012331,0
FIN1012332,0
FIN1012333,0
FIN1012334,0
FIN1012335,0
FIN1012336,0
FIN1012337,0
FIN1012338,1
FIN1012339,1
FIN1012340,1
FIN1012341,1
FIN1012342,0
FIN1012343,1
FIN1012344,1
FIN1012345,1
FIN1012346,1
FIN1012347,0
FIN1012348,1
FIN1012349,1
FIN1012352,1
FIN1012353,1
FIN1012354,1
FIN1012355,0
FIN1012356,1
FIN1012357,0
FIN1012358,0
FIN1012359,1
FIN1012360,1
FIN1012361,0
FIN1012362,1
FIN1012363,1
FIN1012364,1
FIN1012366,1
FIN1012367,1
FIN1012369,0
FIN1012370,1
FIN1012371,1
FIN1012373,1
FIN1012374,1
FIN1012375,0
FIN1012377,1
FIN1012378,0
FIN1012380,1
FIN1012381,1
FIN1012382,1
FIN1012383,0
FIN1012384,0
FIN1012385,1
FIN1012387,1
FIN1012388,1
FIN1012389,0
FIN1012390,0
FIN1012393,0
FIN1012394,0
FIN1012395,1
FIN1012396,1
FIN1012397,1
FIN1012398,1
FIN1012399,1
FIN1012400,1
FIN1012401,1
FIN1012402,0
FIN1012403,1
FIN1012404,0
FIN1012405,0
FIN1012406,1
FIN1012407,1
FIN1012408,0
FIN1012409,0
FIN1012410,1
FIN1012412,1
FIN1012413,1
FIN1012416,1
FIN1012417,1
FIN1012418,1
FIN1012419,1
FIN1012420,1
FIN1012421,1
FIN1012422,0
FIN1012423,1
FIN1012424,1
FIN1012425,0
FIN1012426,0
FIN1012428,1
FIN1012429,1
FIN1012430,1
FIN1012431,1
FIN1012432,1
FIN1012433,1
FIN1012434,0
FIN1012435,0
FIN1012436,0
FIN1012438,1
FIN1012439,1
FIN1012440,0
FIN1012441,1
FIN1012442,1
FIN1012444,0
FIN1012445,1
FIN1012446,1
FIN1012447,1
FIN1012448,1
FIN1012449,1
FIN1012450,1
FIN1012452,0
FIN1012453,1
FIN1012454,1
FIN1012455,1
FIN1012456,1
FIN1012458,0
FIN1012459,1
FIN1012460,1
FIN1012461,1
FIN1012462,1
FIN1012463,0
FIN1012464,0
FIN1012466,1
FIN1012467,1
FIN1012468,1
FIN1012469,1
FIN1012470,0
FIN1012471,0
FIN1012472,0
FIN1012473,1
FIN1012474,1
FIN1012475,1
FIN1012476,0
FIN1012477,0
FIN1012478,1
FIN1012479,1
FIN1012481,1
FIN1012482,1
FIN1012483,0
FIN1012484,0
FIN1012486,1
FIN1012489,0
FIN1012491,1
FIN1012492,0
FIN1012493,0
FIN1012494,0
FIN1012495,1
FIN1012496,1
FIN1012497,1
FIN1012498,0
FIN1012499,1
FIN1012500,0
FIN1012501,0
FIN1012502,1
FIN1012503,1
FIN1012504,1
FIN1012505,1
FIN1012506,1
FIN1012507,1
FIN1012508,0
FIN1012510,1
FIN1012511,0
FIN1012512,1
FIN1012513,1
FIN1012514,0
FIN1012515,0
FIN1012516,1
FIN1012517,1
FIN1012518,1
FIN1012519,1
FIN1012521,1
FIN1012525,1
FIN1012526,0
FIN1012527,0
FIN1012528,0
FIN1012529,1
FIN1012530,1
FIN1012531,1
FIN1012533,1
FIN1012534,1
FIN1012537,1
FIN1012538,0
FIN1012540,1
FIN1012541,1
FIN1012542,1
FIN1012543,1
FIN1012544,1
FIN1012545,1
FIN1012546,1
FIN1012547,0
FIN1012548,1
FIN1012549,0
FIN1012550,0
FIN1012553,0
FIN1012556,1
FIN1012557,1
FIN1012558,0
FIN1012559,1
FIN1012560,0
FIN1012562,0
FIN1012563,1
FIN1012564,1
FIN1012565,1
FIN1012566,0
FIN1012567,1
FIN1012569,1
FIN1012570,1
FIN1012574,0
FIN1012575,0
FIN1012577,0
FIN1012578,1
FIN1012580,1
FIN1012581,1
FIN1012582,1
FIN1012583,0
FIN1012584,0
FIN1012585,0
FIN1012587,1
FIN1012588,1
FIN1012589,0
FIN1012590,1
FIN1012592,1
FIN1012593,1
FIN1012594,1
FIN1012595,1
FIN1012596,0
FIN1012597,1
FIN1012598,0
FIN1012599,0
FIN1012600,1
FIN1012602,0
FIN1012603,0
FIN1012604,1
FIN1012605,0
FIN1012606,0
FIN1012607,1
FIN1012608,1
FIN1012609,0
FIN1012610,1
FIN1012611,0
FIN1012612,0
FIN1012613,0
FIN1012614,1
FIN1012615,1
FIN1012616,0
FIN1012617,0
FIN1012618,1
FIN1012619,1
FIN1012620,1
FIN1012621,1
FIN1012623,0
FIN1012624,1
FIN1012625,0
FIN1012628,0
FIN1012630,1
FIN1012632,1
FIN1012633,1
FIN1012634,1
FIN1012636,0
FIN1012637,1
FIN1012638,1
FIN1012639,1
FIN1012640,1
FIN1012641,1
FIN1012642,1
FIN1012643,0
FIN1012644,1
FIN1012645,1
FIN1012646,0
FIN1012647,1
FIN1012648,1
FIN1012649,0
FIN1012650,1
FIN1012651,1
FIN1012652,0
FIN1012653,1
FIN1012654,1
FIN1012655,0
FIN1012656,0
FIN1012657,1
FIN1012659,0
FIN1012660,0
FIN1012661,0
FIN1012662,1
FIN1012663,0
FIN1012664,1
FIN1012665,0
FIN1012666,0
FIN1012667,1
FIN1012669,1
FIN1012670,0
FIN1012671,0
FIN1012672,1
FIN1012673,0
FIN1012674,0
FIN1012677,1
FIN1012679,0
FIN1012681,1
FIN1012682,1
FIN1012683,1
FIN1012684,1
FIN1012685,1
FIN1012687,1
FIN1012688,1
FIN1012689,1
FIN1012690,1
FIN1012691,1
FIN1012693,1
FIN1012695,0
FIN1012699,1
FIN1012700,1
FIN1012701,0
FIN1012702,0
FIN1012703,0
FIN1012704,1
FIN1012705,0
FIN1012706,1
FIN1012709,1
FIN1012710,1
FIN1012711,0
FIN1012712,0
FIN1012713,0
FIN1012714,1
FIN1012715,1
FIN1012716,1
FIN1012717,1
FIN1012719,1
FIN1012720,1
FIN1012721,1
FIN1012722,1
FIN1012723,1
FIN1012725,1
FIN1012726,1
FIN1012728,1
FIN1012730,1
FIN1012731,1
FIN1012732,1
FIN1012733,1
FIN1012734,1
FIN1012735,1
FIN1012736,1
FIN1012737,1
FIN1012738,0
FIN1012739,0
FIN1012740,1
FIN1012741,1
FIN1012742,1
FIN1012743,1
FIN1012744,1
FIN1012745,0
FIN1012748,1
FIN1012749,0
FIN1012750,1
FIN1012751,1
FIN1012752,0
FIN1012753,1
FIN1012754,1
FIN1012755,0
FIN1012756,1
FIN1012757,1
FIN1012758,1
FIN1012761,1
FIN1012762,1
FIN1012764,1
FIN1012765,1
FIN1012766,1
FIN1012767,0
FIN1012768,1
FIN1012769,1
FIN1012770,1
FIN1012771,1
FIN1012772,1
FIN1012773,1
FIN1012774,1
FIN1012775,0
FIN1012776,0
FIN1012777,1
FIN1012778,1
FIN1012779,0
FIN1012781,1
FIN1012782,1
FIN1012783,1
FIN1012785,1
FIN1012786,0
FIN1012787,1
FIN1012788,1
FIN1012789,1
FIN1012790,1
FIN1012791,1
FIN1012792,0
FIN1012793,1
FIN1012794,0
FIN1012796,1
FIN1012797,1
FIN1012798,0
FIN1012799,1
FIN1012800,1
FIN1012801,1
FIN1012802,0
FIN1012803,1
FIN1012804,1
FIN1012805,1
FIN1012806,1
FIN1012807,1
FIN1012808,1
FIN1012809,1
FIN1012810,1
FIN1012811,1
FIN1012814,0
FIN1012815,1
FIN1012816,1
FIN1012817,1
FIN1012818,1
FIN1012819,1
FIN1012820,0
FIN1012823,1
FIN1012824,1
FIN1012825,0
FIN1012826,1
FIN1012827,1
FIN1012828,1
FIN1012830,0
FIN1012831,0
FIN1012832,0
FIN1012833,0
FIN1012834,1
FIN1012835,1
FIN1012836,0
FIN1012837,1
FIN1012838,1
FIN1012839,1
FIN1012841,1
FIN1012842,0
FIN1012843,1
FIN1012844,1
FIN1012845,1
FIN1012846,1
FIN1012848,0
FIN1012849,1
FIN1012851,0
FIN1012852,1
FIN1012853,1
FIN1012854,1
FIN1012855,1
FIN1012856,0
FIN1012857,0
FIN1012858,1
FIN1012859,1
FIN1012860,1
FIN1012861,0
FIN1012862,0
FIN1012863,1
FIN1012865,0
FIN1012866,1
FIN1012868,1
FIN1012869,1
FIN1012870,1
FIN1012871,1
FIN1012872,0
FIN1012873,0
FIN1012874,1
FIN1012875,1
FIN1012876,1
FIN1012878,1
FIN1012879,1
FIN1012880,1
FIN1012881,1
FIN1012882,1
FIN1012883,1
FIN1012884,1
FIN1012885,1
FIN1012886,1
FIN1012887,1
FIN1012888,1
FIN1012889,0
FIN1012890,1
FIN1012891,1
FIN1012892,0
FIN1012893,0
FIN1012894,1
FIN1012895,0
FIN1012896,1
FIN1012897,1
FIN1012899,0
FIN1012900,1
FIN1012901,1
FIN1012902,1
FIN1012903,1
FIN1012904,1
FIN1012905,1
FIN1012906,1
FIN1012908,1
FIN1012909,1
FIN1012910,1
FIN1012911,1
FIN1012912,0
FIN1012913,1
FIN1012914,1
FIN1012915,0
FIN1012917,1
FIN1012918,1
FIN1012919,1
FIN1012920,1
FIN1012921,0
FIN1012922,1
FIN1012923,1
FIN1012924,1
FIN1012925,1
FIN1012926,1
FIN1012927,0
FIN1012928,1
FIN1012929,0
FIN1012930,1
FIN1012931,1
FIN1012932,0
FIN1012933,1
FIN1012934,0
FIN1012935,0
FIN1012936,1
FIN1012937,1
FIN1012938,0
FIN1012940,0
FIN1012941,1
FIN1012942,0
FIN1012943,1
FIN1012944,0
FIN1012945,0
FIN1012946,1
FIN1012947,1
FIN1012948,0
FIN1012949,0
FIN1012950,1
FIN1012951,1
FIN1012952,1
FIN1012953,1
FIN1012954,1
FIN1012955,1
FIN1012957,0
FIN1012958,0
FIN1012959,0
FIN1012960,1
FIN1012961,0
FIN1012962,1
FIN1012963,0
FIN1012964,1
FIN1012965,1
FIN1012966,1
FIN1012967,1
FIN1012968,1
FIN1012969,0
FIN1012970,0
FIN1012971,1
FIN1012972,1
FIN1012973,1
FIN1012974,0
FIN1012975,1
FIN1012976,1
FIN1012977,1
FIN1012978,1
FIN1012979,1
FIN1012980,1
FIN1012981,0
FIN1012982,1
FIN1012983,1
FIN1012985,0
FIN1012986,0
FIN1012987,1
FIN1012988,0
FIN1012989,0
FIN1012990,1
FIN1012991,0
FIN1012992,0
FIN1012993,1
FIN1012994,0
FIN1012995,1
FIN1012996,1
FIN1012997,1
FIN1012998,0
FIN1013000,1
FIN1013001,0
FIN1013002,1
FIN1013003,1
FIN1013004,1
FIN1013005,1
FIN1013006,1
FIN1013007,0
FIN1013009,1
FIN1013010,0
FIN1013011,0
FIN1013012,1
FIN1013013,0
FIN1013014,0
FIN1013015,1
FIN1013016,1
FIN1013017,1
FIN1013018,0
FIN1013019,1
FIN1013020,1
FIN1013021,1
FIN1013022,0
FIN1013023,0
FIN1013024,0
FIN1013025,1
FIN1013026,1
FIN1013027,0
FIN1013028,1
FIN1013029,1
FIN1013030,1
FIN1013031,0
FIN1013032,1
FIN1013033,1
FIN1013034,1
FIN1013035,1
FIN1013036,1
FIN1013037,1
FIN1013038,1
FIN1013039,0
FIN1013040,1
FIN1013041,1
FIN1013042,1
FIN1013043,1
FIN1013044,1
FIN1013045,1
FIN1013046,1
FIN1013047,0
FIN1013048,0
FIN1013049,0
FIN1013050,1
FIN1013051,1
FIN1013052,1
FIN1013053,1
FIN1013054,1
FIN1013055,0
FIN1013056,0
FIN1013057,1
FIN1013058,1
FIN1013059,1
FIN1013060,1
FIN1013061,1
FIN1013062,1
FIN1013063,1
FIN1013064,1
FIN1013065,1
FIN1013066,1
FIN1013067,1
FIN1013068,1
FIN1013069,1
FIN1013070,1
FIN1013071,1
FIN1013072,1
FIN1013073,0
FIN1013075,1
FIN1013076,1
FIN1013078,1
FIN1013079,1
FIN1013080,1
FIN1013081,1
FIN1013082,1
FIN1013083,1
FIN1013084,0
FIN1013086,1
FIN1013088,1
FIN1013089,1
FIN1013090,0
FIN1013091,1
FIN1013092,0
FIN1013093,1
FIN1013094,1
FIN1013095,1
FIN1013096,1
FIN1013097,0
FIN1013098,1
FIN1013099,1
FIN1013100,0
FIN1013101,1
FIN1013102,1
FIN1013103,1
FIN1013104,1
FIN1013105,1
FIN1013106,1
FIN1013107,1
FIN1013108,1
FIN1013109,1
FIN1013110,1
FIN1013111,1
FIN1013112,1
FIN1013113,1
FIN1013114,1
FIN1013115,0
FIN1013116,1
FIN1013117,1
FIN1013118,1
FIN1013119,1
FIN1013120,1
FIN1013121,1
FIN1013122,1
FIN1013123,1
FIN1013124,1
FIN1013125,1
FIN1013126,1
FIN1013127,1
FIN1013128,1
FIN1013129,1
FIN1013130,0
FIN1013131,1
FIN1013132,1
FIN1013133,1
FIN1013134,1
FIN1013135,0
FIN1013136,0
FIN1013137,1
FIN1013138,1
FIN1013139,1
FIN1013141,1
FIN1013142,1
FIN1013143,1
FIN1013145,1
FIN1013146,0
FIN1013147,0
FIN1013148,1
FIN1013149,1
FIN1013150,1
FIN1013151,1
FIN1013153,1
FIN1013154,0
FIN1013155,0
FIN1013156,1
FIN1013157,0
FIN1013158,1
FIN1013159,1
FIN1013160,1
FIN1013161,1
FIN1013162,1
FIN1013163,1
FIN1013165,1
FIN1013166,0
FIN1013167,1
FIN1013168,1
FIN1013170,1
FIN1013171,1
FIN1013173,0
FIN1013174,0
FIN1013175,1
FIN1013176,0
FIN1013177,1
FIN1013179,1
FIN1013180,1
FIN1013181,1
FIN1013182,1
FIN1013184,1
FIN1013185,1
FIN1013186,1
FIN1013187,1
FIN1013188,0
FIN1013189,1
FIN1013190,0
FIN1013191,1
FIN1013192,1
FIN1013193,1
FIN1013194,1
FIN1013195,0
FIN1013198,1
FIN1013199,1
FIN1013202,1
FIN1013203,0
FIN1013204,1
FIN1013205,1
FIN1013206,1
FIN1013207,0
FIN1013208,1
FIN1013209,1
FIN1013211,1
FIN1013212,1
FIN1013213,1
FIN1013214,1
FIN1013215,1
FIN1013216,1
FIN1013218,1
FIN1013219,1
FIN1013220,1
FIN1013222,1
FIN1013223,1
FIN1013224,1
FIN1013225,1
FIN1013226,1
FIN1013227,1
FIN1013228,1
FIN1013229,1
FIN1013230,1
FIN1013232,1
FIN1013234,1
FIN1013235,1
FIN1013236,0
FIN1013237,1
FIN1013238,1
FIN1013239,1
FIN1013240,1
FIN1013241,1
FIN1013242,1
FIN1013243,1
FIN1013244,0
FIN1013245,0
FIN1013246,1
FIN1013248,1
FIN1013249,1
FIN1013250,1
FIN1013251,1
FIN1013252,1
FIN1013253,0
FIN1013254,1
FIN1013255,1
FIN1013256,1
FIN1013258,1
FIN1013259,1
FIN1013260,1
FIN1013261,1
FIN1013262,1
FIN1013263,1
FIN1013264,0
FIN1013265,0
FIN1013266,0
FIN1013268,1
FIN1013269,1
FIN1013271,1
FIN1013272,1
FIN1013273,1
FIN1013274,1
FIN1013275,0
FIN1013276,1
FIN1013277,0
FIN1013278,1
FIN1013279,0
FIN1013280,1
FIN1013281,1
FIN1013282,1
FIN1013283,1
FIN1013285,0
FIN1013287,1
FIN1013288,1
FIN1013289,1
FIN1013290,1
FIN1013291,1
FIN1013292,1
FIN1013293,1
FIN1013294,1
FIN1013295,1
FIN1013296,0
FIN1013297,1
FIN1013298,1
FIN1013299,1
FIN1013302,1
FIN1013303,1
FIN1013305,0
FIN1013306,0
FIN1013307,0
FIN1013308,1
FIN1013309,1
FIN1013311,0
FIN1013312,0
FIN1013313,1
FIN1013314,1
FIN1013315,1
FIN1013316,1
FIN1013317,0
FIN1013318,1
FIN1013319,1
FIN1013320,1
FIN1013321,1
FIN1013322,1
FIN1013323,1
FIN1013324,1
FIN1013325,1
FIN1013326,0
FIN1013327,1
FIN1013328,1
FIN1013329,1
FIN1013330,1
FIN1013331,1
FIN1013332,1
FIN1013333,1
FIN1013334,0
FIN1013335,0
FIN1013336,0
FIN1013337,0
FIN1013338,1
FIN1013340,1
FIN1013341,1
FIN1013342,1
FIN1013343,1
FIN1013346,1
FIN1013347,0
FIN1013348,1
FIN1013351,1
FIN1013352,1
FIN1013353,1
FIN1013356,1
FIN1013357,0
FIN1013358,0
FIN1013359,1
FIN1013360,1
FIN1013361,1
FIN1013362,1
FIN1013363,0
FIN1013364,1
FIN1013365,1
FIN1013366,1
FIN1013367,1
FIN1013368,1
FIN1013369,1
FIN1013370,1
FIN1013371,1
FIN1013373,1
FIN1013375,1
FIN1013376,1
FIN1013377,1
FIN1013378,1
FIN1013379,1
FIN1013380,1
FIN1013381,0
FIN1013382,1
FIN1013383,1
FIN1013384,0
FIN1013385,1
FIN1013386,1
FIN1013387,1
FIN1013388,1
FIN1013389,1
FIN1013390,0
FIN1013391,1
FIN1013392,1
FIN1013393,1
FIN1013394,1
FIN1013395,1
FIN1013396,1
FIN1013397,1
FIN1013398,1
FIN1013399,1
FIN1013400,1
FIN1013401,0
FIN1013402,1
FIN1013403,1
FIN1013404,0
FIN1013405,1
FIN1013406,0
FIN1013407,1
FIN1013408,1
FIN1013409,1
FIN1013411,1
FIN1013412,1
FIN1013413,1
FIN1013414,1
FIN1013415,1
FIN1013417,1
FIN1013418,1
FIN1013419,1
FIN1013421,0
FIN1013422,1
FIN1013423,1
FIN1013424,1
FIN1013425,1
FIN1013426,1
FIN1013428,1
FIN1013429,1
FIN1013430,1
FIN1013432,1
FIN1013433,1
FIN1013434,1
FIN1013435,1
FIN1013436,1
FIN1013437,1
FIN1013438,1
FIN1013440,0
FIN1013441,1
FIN1013442,1
FIN1013444,1
FIN1013445,1
FIN1013448,1
FIN1013449,1
FIN1013450,1
FIN1013451,1
FIN1013452,1
FIN1013453,1
FIN1013454,1
FIN1013455,1
FIN1013458,0
FIN1013459,1
FIN1013460,1
FIN1013462,1
FIN1013464,1
FIN1013465,0
FIN1013466,1
FIN1013467,1
FIN1013468,1
FIN1013469,0
FIN1013471,1
FIN1013472,1
FIN1013473,1
FIN1013474,1
FIN1013475,1
FIN1013476,1
FIN1013477,1
FIN1013479,1
FIN1013480,1
FIN1013481,1
FIN1013482,0
FIN1013483,1
FIN1013484,0
FIN1013485,1
FIN1013486,0
FIN1013487,1
FIN1013488,1
FIN1013489,1
FIN1013490,0
FIN1013491,1
FIN1013492,1
FIN1013494,0
FIN1013496,1
FIN1013497,1
FIN1013498,1
FIN1013499,0
FIN1013500,1
FIN1013501,1
FIN1013502,1
FIN1013503,0
FIN1013504,1
FIN1013505,1
FIN1013506,0
FIN1013507,1
FIN1013508,0
FIN1013509,0
FIN1013510,1
FIN1013512,1
FIN1013513,1
FIN1013514,1
FIN1013516,1
FIN1013517,1
FIN1013518,1
FIN1013519,1
FIN1013520,1
FIN1013522,0
FIN1013523,0
FIN1013525,1
FIN1013528,1
FIN1013529,1
FIN1013530,1
FIN1013531,1
FIN1013532,1
FIN1013533,1
FIN1013534,1
FIN1013535,1
FIN1013536,0
FIN1013537,1
FIN1013538,0
FIN1013539,1
FIN1013540,1
FIN1013541,1
FIN1013542,1
FIN1013543,1
FIN1013544,0
FIN1013547,1
FIN1013548,1
FIN1013549,1
FIN1013550,1
FIN1013551,1
FIN1013552,1
FIN1013553,1
FIN1013554,1
FIN1013556,1
FIN1013557,1
FIN1013558,1
FIN1013559,1
FIN1013560,1
FIN1013562,0
FIN1013563,1
FIN1013567,0
FIN1013570,0
FIN1013572,1
FIN1013574,1
FIN1013578,0
FIN1013579,1
FIN1013581,1
FIN1013584,1
FIN1013585,1
FIN1013588,1
FIN1013589,1
FIN1013590,1
FIN1013591,1
FIN1013593,1
FIN1013595,1
FIN1013596,0
FIN1013597,1
FIN1013598,1
FIN1013601,1
FIN1013602,1
FIN1013603,1
FIN1013604,1
FIN1013605,1
FIN1013608,1
FIN1013611,1
FIN1013615,1
FIN1013616,1
FIN1013619,1
FIN1013621,1
FIN1013623,1
FIN1013626,1
FIN1013628,1
FIN1013629,1
FIN1013632,1
FIN1013634,1
FIN1013638,1
FIN1013640,1
FIN1013644,1
FIN1013646,1
FIN1013649,1
FIN1013651,1
FIN1013653,0
FIN1013654,0
FIN1013655,1
FIN1013661,0
FIN1013663,0
FIN1013665,0
FIN1013666,0
FIN1013668,1
FIN1013670,1
FIN1013673,1
FIN1013674,1
FIN1013675,1
FIN1013677,1
FIN1013679,1
FIN1013680,1
FIN1013681,1
FIN1013683,1
FIN1013685,1
FIN1013686,0
FIN1013688,1
FIN1013691,1
FIN1013692,1
FIN1013693,1
FIN1013695,1
FIN1013696,1
FIN1013699,0
FIN1013701,1
FIN1013703,1
FIN1013704,1
FIN1013705,1
FIN1013706,1
FIN1013707,1
FIN1013708,1
FIN1013715,0
FIN1013716,1
FIN1013718,1
FIN1013719,0
FIN1013720,1
FIN1013721,1
FIN1013722,0
FIN1013723,1
FIN1013725,1
FIN1013727,0
FIN1013731,1
FIN1013732,1
FIN1013733,0
FIN1013740,1
FIN1013741,1
FIN1013743,1
FIN1013744,0
FIN1013746,0
FIN1013747,0
FIN1013748,0
FIN1013749,0
FIN1013750,0
FIN1013752,1
FIN1013756,1
FIN1013758,0
FIN1013760,1
FIN1013761,1
FIN1013762,1
FIN1013763,0
FIN1013765,1
FIN1013767,1
FIN1013768,1
FIN1013769,1
FIN1013772,1
FIN1013773,1
FIN1013774,1
FIN1013775,1
FIN1013777,1
FIN1013778,1
FIN1013780,1
FIN1013781,1
FIN1013783,1
FIN1013784,1
FIN1013786,1
FIN1013787,1
FIN1013788,1
FIN1013792,1
FIN1013793,1
FIN1013794,1
FIN1013795,1
FIN1013796,1
FIN1013797,1
FIN1013798,1
FIN1013799,1
FIN1013801,1
FIN1013804,0
FIN1013805,1
FIN1013806,1
FIN1013810,1
FIN1013811,0
FIN1013812,0
FIN1013813,0
FIN1013814,1
FIN1013816,1
FIN1013821,0
FIN1013822,0
FIN1013823,1
FIN1013825,1
FIN1013826,1
FIN1013827,1
FIN1013832,0
FIN1013833,1
FIN1013834,0
FIN1013835,1
FIN1013836,1
FIN1013837,1
FIN1013838,1
FIN1013839,0
FIN1013840,1
FIN1013842,1
FIN1013845,1
FIN1013846,1
FIN1013848,1
FIN1013849,1
FIN1013850,1
FIN1013851,1
FIN1013856,1
FIN1013860,1
FIN1013863,1
FIN1013866,0
FIN1013867,0
FIN1013868,1
FIN1013869,0
FIN1013874,0
FIN1013875,0
FIN1013876,1
FIN1013877,0
FIN1013878,0
FIN1013879,0
FIN1013882,0
FIN1013883,1
FIN1013885,1
FIN1013886,0
FIN1013887,1
FIN1013888,0
FIN1013889,1
FIN1013891,0
FIN1013895,0
FIN1013897,0
FIN1013898,0
FIN1013899,1
FIN1013900,1
FIN1013901,1
FIN1013902,1
FIN1013904,1
FIN1013905,1
FIN1013906,0
FIN1013907,1
FIN1013908,1
FIN1013909,1
FIN1013910,1
FIN1013911,1
FIN1013913,1
FIN1013914,1
FIN1013921,0
FIN1013922,0
FIN1013923,1
FIN1013925,1
FIN1013926,1
FIN1013927,1
FIN1013928,1
FIN1013931,0
FIN1013932,1
FIN1013935,1
FIN1013937,0
FIN1013938,1
FIN1013939,1
FIN1013940,1
FIN1013941,1
FIN1013942,0
FIN1013943,1
FIN1013944,1
FIN1013945,1
FIN1013946,1
FIN1013950,1
FIN1013952,1
FIN1013953,1
FIN1013954,1
FIN1013955,1
FIN1013959,0
FIN1013960,1
FIN1013961,0
FIN1013962,0
FIN1013963,1
FIN1013965,1
FIN1013966,1
FIN1013967,0
FIN1013968,1
FIN1013969,1
FIN1013970,0
FIN1013971,1
FIN1013972,1
FIN1013973,1
FIN1013974,1
FIN1013976,1
FIN1013977,0
FIN1013978,0
FIN1013979,1
FIN1013980,1
FIN1013981,1
FIN1013982,1
FIN1013983,1
FIN1013984,0
FIN1013985,1
FIN1013986,1
FIN1013989,1
FIN1013991,1
FIN1013992,1
FIN1013993,1
FIN1013994,1
FIN1013995,0
FIN1013996,1
FIN1013997,1
FIN1013999,0
FIN1014000,0
FIN1014002,0
FIN1014003,1
FIN1014004,1
FIN1014005,0
FIN1014006,1
FIN1014007,1
FIN1014008,1
FIN1014012,0
FIN1014013,1
FIN1014019,1
FIN1014020,1
FIN1014021,1
FIN1014024,0
FIN1014025,0
FIN1014026,1
FIN1014027,0
FIN1014028,1
FIN1014029,0
FIN1014032,1
FIN1014034,1
FIN1014035,1
FIN1014042,0
FIN1014046,1
FIN1014047,0
FIN1014049,0
FIN1014050,1
FIN1014053,0
FIN1014054,1
FIN1014058,1
FIN1014062,0
FIN1014063,1
FIN1014064,0
FIN1014065,1
FIN1014066,1
FIN1014068,1
FIN1014069,1
FIN1014070,1
FIN1014072,1
FIN1014073,1
FIN1014074,1
FIN1014078,0
FIN1014079,1
FIN1014080,1
FIN1014081,1
FIN1014083,1
FIN1014084,1
FIN1014085,1
FIN1014090,1
FIN1014092,1
FIN1014093,1
FIN1014094,1
FIN1014095,1
FIN1014099,1
FIN1014100,1
FIN1014101,1
FIN1014105,1
FIN1014106,1
FIN1014110,1
FIN1014112,0
FIN1014113,0
FIN1014114,1
FIN1014115,1
FIN1014116,1
FIN1014125,0
FIN1014126,0
FIN1014127,0
FIN1014130,1
FIN1014131,1
FIN1014132,1
FIN1014133,1
FIN1014134,1
FIN1014135,1
FIN1014136,0
FIN1014140,0
FIN1014141,1
FIN1014142,1
FIN1014143,1
FIN1014146,1
FIN1014149,1
FIN1014150,0
FIN1014152,0
FIN1014153,1
FIN1014154,0
FIN1014156,1
FIN1014157,1
FIN1014158,1
FIN1014159,0
FIN1014160,1
FIN1014161,1
FIN1014162,0
FIN1014164,1
FIN1014166,1
FIN1014168,1
FIN1014169,1
FIN1014172,1
FIN1014174,1
FIN1014175,1
FIN1014177,1
FIN1014178,1
FIN1014179,1
FIN1014180,1
FIN1014181,1
FIN1014182,1
FIN1014183,1
FIN1014184,1
FIN1014185,1
FIN1014186,1
FIN1014188,1
FIN1014189,1
FIN1014191,1
FIN1014192,1
FIN1014194,1
FIN1014195,1
FIN1014196,1
FIN1014197,1
FIN1014200,1
FIN1014201,1
FIN1014202,1
FIN1014203,1
FIN1014204,0
FIN1014208,0
FIN1014210,1
FIN1014213,1
FIN1014214,0
FIN1014219,1
FIN1014222,0
FIN1014224,1
FIN1014226,1
FIN1014229,0
FIN1014230,1
FIN1014231,1
FIN1014233,1
FIN1014237,1
FIN1014238,1
FIN1014241,1
FIN1014244,1
FIN1014247,1
FIN1014249,1
FIN1014251,1
FIN1014252,1
FIN1014254,1
FIN1014255,1
FIN1014256,0
FIN1014259,1
FIN1014260,1
FIN1014261,1
FIN1014262,0
FIN1014263,0
FIN1014264,0
FIN1014265,1
FIN1014266,1
FIN1014267,1
FIN1014272,1
FIN1014276,1
FIN1014279,1
FIN1014280,0
FIN1014283,0
FIN1014287,1
FIN1014288,0
FIN1014289,1
FIN1014292,0
FIN1014295,1
FIN1014297,1
FIN1014299,1
FIN1014300,1
FIN1014303,1
FIN1014304,1
FIN1014306,1
FIN1014307,1
FIN1014308,1
FIN1014309,1
FIN1014311,1
FIN1014314,1
FIN1014318,0
FIN1014319,1
FIN1014320,1
FIN1014321,1
FIN1014325,1
FIN1014331,1
FIN1014332,1
FIN1014333,1
FIN1014334,1
FIN1014336,1
FIN1014338,1
FIN1014342,1
FIN1014345,1
FIN1014347,1
FIN1014349,1
FIN1014350,1
FIN1014351,1
FIN1014352,1
FIN1014353,1
FIN1014357,1
FIN1014358,1
FIN1014359,0
FIN1014363,1
FIN1014364,1
FIN1014366,1
FIN1014367,1
FIN1014368,1
FIN1014369,1
FIN1014370,1
FIN1014374,0
FIN1014375,0
FIN1014376,0
FIN1014380,0
FIN1014381,0
FIN1014382,1
FIN1014391,1
FIN1014392,1
FIN1014401,1
FIN1014402,1
FIN1014404,0
FIN1014408,1
FIN1014410,0
FIN1014412,1
FIN1014415,1
FIN1014416,1
FIN1014419,1
FIN1014422,0
FIN1014423,1
FIN1014424,0
FIN1014425,1
FIN1014426,1
FIN1014427,1
FIN1014428,1
FIN1014429,0
FIN1014430,1
FIN1014433,1
FIN1014434,1
FIN1014435,0
FIN1014437,1
FIN1014439,1
FIN1014440,1
FIN1014441,1
FIN1014445,1
FIN1014448,1
FIN1014449,1
FIN1014450,1
FIN1014451,1
FIN1014452,1
FIN1014453,1
FIN1014454,1
FIN1014455,1
FIN1014457,1
FIN1014462,1
FIN1014463,0
FIN1014464,0
FIN1014465,1
FIN1014466,1
FIN1014467,1
FIN1014468,1
FIN1014470,1
FIN1014471,1
FIN1014475,1
FIN1014476,1
FIN1014478,1
FIN1014488,1
FIN1014497,1
FIN1014501,1
FIN1014503,1
FIN1014505,0
FIN1014507,1
FIN1014508,1
FIN1014509,1
FIN1014510,0
FIN1014512,1
FIN1014513,1
FIN1014515,0
FIN1014516,1
FIN1014519,1
FIN1014520,1
FIN1014521,1
FIN1014522,1
FIN1014525,0
FIN1014528,1
FIN1014529,1
FIN1014534,0
FIN1014541,1
FIN1014542,1
FIN1014543,1
FIN1014544,0
FIN1014545,1
FIN1014549,1
FIN1014552,1
FIN1014558,1
FIN1014559,1
FIN1014560,1
FIN1014562,0
FIN1014563,0
FIN1014564,1
FIN1014565,1
FIN1014566,0
FIN1014567,1
FIN1014568,1
FIN1014569,1
FIN1014570,1
